{"cameraMode":{"drawMode":0,"name":"Shaded","section":"Shading Mode"},"sceneLighting":false,"audioPlay":false,"sceneViewState":{"showFog":true,"showMaterialUpdate":false,"showSkybox":true,"showFlares":true,"showImageEffects":true,"showParticleSystems":true},"in2DMode":false,"pivot":{"x":456.03228759765627,"y":29.29400062561035,"z":153.84962463378907},"rotation":{"x":0.2421904057264328,"y":0.1534917652606964,"z":-0.03883080929517746,"w":0.9572333097457886},"size":4.069925785064697,"orthographic":false}