{"cameraMode":{"drawMode":0,"name":"Shaded","section":"Shading Mode"},"sceneLighting":false,"audioPlay":false,"sceneViewState":{"showFog":true,"showMaterialUpdate":false,"showSkybox":true,"showFlares":true,"showImageEffects":true,"showParticleSystems":true},"in2DMode":false,"pivot":{"x":7.402411460876465,"y":1.1180000305175782,"z":13.979166030883789},"rotation":{"x":-0.14642351865768434,"y":-0.4789470136165619,"z":0.08138549327850342,"w":-0.861745297908783},"size":5.181487560272217,"orthographic":false}