{"cameraMode":{"drawMode":0,"name":"Shaded","section":"Shading Mode"},"sceneLighting":false,"audioPlay":false,"sceneViewState":{"showFog":true,"showMaterialUpdate":false,"showSkybox":true,"showFlares":true,"showImageEffects":true,"showParticleSystems":true},"in2DMode":false,"pivot":{"x":0.0021461844444274904,"y":0.8997247219085693,"z":-0.0022138655185699465},"rotation":{"x":-0.19490136206150056,"y":-0.36651867628097536,"z":0.07881654053926468,"w":-0.9063729047775269},"size":4.190489292144775,"orthographic":false}