{"cameraMode":{"drawMode":0,"name":"Shaded","section":"Shading Mode"},"sceneLighting":false,"audioPlay":false,"sceneViewState":{"showFog":true,"showMaterialUpdate":false,"showSkybox":true,"showFlares":true,"showImageEffects":true,"showParticleSystems":true},"in2DMode":false,"pivot":{"x":456.0323181152344,"y":28.990999221801759,"z":153.82904052734376},"rotation":{"x":0.13192418217658997,"y":-0.004466190934181213,"z":0.0006019907887093723,"w":0.991259753704071},"size":4.041658401489258,"orthographic":false}