{"cameraMode":{"drawMode":0,"name":"Shaded","section":"Shading Mode"},"sceneLighting":false,"audioPlay":false,"sceneViewState":{"showFog":true,"showMaterialUpdate":false,"showSkybox":true,"showFlares":true,"showImageEffects":true,"showParticleSystems":true},"in2DMode":false,"pivot":{"x":0.349517822265625,"y":1.4828130006790162,"z":-0.20215684175491334},"rotation":{"x":0.2938363254070282,"y":0.05842795968055725,"z":-0.018012426793575288,"w":0.9539158940315247},"size":4.511181831359863,"orthographic":false}